frame,t_ms,stop,trauma,hero_x,hero_z,boar_x,boar_z,cam_x,cam_y,cam_z,hero_frame,boar_frame
0,0,0,0,400,-47,000,-70,000,-48,000,-70,000,-58,585,12,552,-81,585,0,0
1,42,0,0,259,-47,000,-70,000,-48,000,-70,000,-58,588,12,547,-81,585,0,0
2,78,0,0,141,-47,000,-70,000,-48,000,-70,000,-58,586,12,550,-81,584,0,0
3,114,1,0,021,-47,000,-70,000,-48,000,-70,000,-58,585,12,552,-81,585,0,0
4,149,0,0,000,-47,000,-70,000,-48,000,-70,000,-58,585,12,552,-81,585,0,0
5,183,0,0,000,-47,000,-70,000,-48,000,-70,000,-58,585,12,552,-81,585,0,0
6,219,0,0,000,-47,000,-70,000,-48,000,-70,000,-58,585,12,552,-81,585,0,0
7,255,0,0,000,-47,000,-70,000,-48,000,-70,000,-58,585,12,552,-81,585,0,0
8,290,0,0,000,-47,000,-70,000,-48,000,-70,000,-58,585,12,552,-81,585,0,0
9,325,0,0,000,-47,000,-70,000,-48,000,-70,000,-58,585,12,552,-81,585,0,0
10,360,0,0,000,-47,000,-70,000,-48,000,-70,000,-58,585,12,552,-81,585,0,0
11,395,0,0,000,-47,000,-70,000,-48,000,-70,000,-58,585,12,552,-81,585,0,0
12,429,0,0,000,-47,000,-70,000,-48,000,-70,000,-58,585,12,552,-81,585,0,0
